Model,Accuracy,ROC AUC
Decision Tree,0.8048780487804879,0.8478328173374614
Random Forest,0.8780487804878049,0.8554179566563468
Gradient Boosting,0.7804878048780488,0.8235294117647058
